proceedings:ID,address:string,author:string[],booktitle:string,cite:string[],cite-label:string[],editor:string[],editor-orcid:string[],ee:string[],ee-type:string[],i:string,isbn:string[],isbn-type:string[],journal:string,key:string,note:string[],note-type:string,number:string,pages:string,publisher:string[],publisher-href:string,publtype:string,school:string,series:string[],series-href:string[],sub:string,sup:string[],title:string,url:string,volume:string,year:int
247460,NA,NA,NA,NA,NA,Adrian David Cheok|Wolfgang Müller 0004|Zhigeng Pan,NA,https://doi.org/10.1007/978-3-662-56689-3,NA,NA,978-3-662-56688-6|978-3-662-56689-3,NA,NA,journals/tedu/2018-14,NA,NA,NA,NA,Springer,NA,NA,NA,Lecture Notes in Computer Science,db/series/lncs/index.html,NA,NA,Transactions on Edutainment XIV,db/journals/tedu/tedu14.html,10790,2018
1709128,NA,NA,DICE-FOPARA@ETAPS,NA,NA,Georg Moser|Guillaume Bonfante,NA,http://arxiv.org/abs/1704.05169,oa,NA,NA,NA,NA,journals/corr/BonfanteM17,NA,NA,NA,NA,NA,NA,NA,NA,EPTCS,db/series/eptcs/index.html,NA,NA,"Proceedings 8th Workshop on Developments in Implicit Computational Complexity and 5th Workshop on Foundational and Practical Aspects of Resource Analysis, DICE-FOPARA@ETAPS 2017, Uppsala, Sweden, April 22-23, 2017.",db/series/eptcs/eptcs248.html,248,2017
1849235,NA,NA,DCFS,NA,NA,Giovanni Pighizzini|Ian McQuillan,NA,http://arxiv.org/abs/1008.1270|https://doi.org/10.4204/EPTCS.31,oa|oa,NA,NA,NA,NA,journals/corr/abs-1008-1270,NA,NA,NA,NA,NA,NA,NA,NA,EPTCS,db/series/eptcs/index.html,NA,NA,"Proceedings Twelfth Annual Workshop on Descriptional Complexity of Formal Systems, DCFS 2010, Saskatoon, Canada, 8-10th August 2010.",db/series/eptcs/eptcs31.html,31,2010
1896869,NA,NA,GCM@STAF,NA,NA,Berthold Hoffmann|Mark Minas,NA,https://arxiv.org/abs/2112.10217|https://doi.org/10.4204/EPTCS.350,oa|oa,NA,NA,NA,NA,journals/corr/abs-2112-10217,NA,NA,NA,NA,NA,NA,NA,NA,EPTCS,db/series/eptcs/index.html,NA,NA,"Proceedings Twelfth International Workshop on Graph Computational Models, GCM@STAF 2021, Online, 22nd June 2021.",db/series/eptcs/eptcs350.html,350,2021
5868114,NA,NA,IWINAC (2),NA,NA,F. Javier Toledo-Moreo|Félix de la Paz López|Hojjat Adeli|José Manuel Ferrández de Vicente|José Ramón Álvarez Sánchez,0000-0001-5659-6841|0000-0002-1530-159X|0000-0002-4613-6101,https://doi.org/10.1007/978-3-319-18833-1,NA,NA,978-3-319-18832-4,NA,NA,conf/iwinac/2015-2,NA,NA,NA,NA,Springer,NA,NA,NA,Lecture Notes in Computer Science,db/series/lncs/index.html,NA,NA,"Bioinspired Computation in Artificial Systems - International Work-Conference on the Interplay Between Natural and Artificial Computation, IWINAC 2015, Elche, Spain, June 1-5, 2015, Proceedings, Part II",db/conf/iwinac/iwinac2015-2.html,9108,2015
5926305,NA,NA,ECML/PKDD (1),NA,NA,Andreas Hotho|Arno J. Knobbe|Céline Robardet|Marloes H. Maathuis|Ulf Brefeld|Élisa Fromont,0000-0002-0335-5099|0000-0002-0483-5772|0000-0002-3398-9893|0000-0002-8583-9408|0000-0003-0133-3491,https://doi.org/10.1007/978-3-030-46150-8,NA,NA,978-3-030-46149-2|978-3-030-46150-8,NA,NA,conf/pkdd/2019-1,NA,NA,NA,NA,Springer,NA,NA,NA,Lecture Notes in Computer Science,db/series/lncs/index.html,NA,NA,"Machine Learning and Knowledge Discovery in Databases - European Conference, ECML PKDD 2019, Würzburg, Germany, September 16-20, 2019, Proceedings, Part I",db/conf/pkdd/pkdd2019-1.html,11906,2020
5960559,NA,NA,NPC,NA,NA,Chen Ding|Ran Zheng|Zhiyuan Shao,NA,https://doi.org/10.1007/978-3-642-15672-4,NA,NA,978-3-642-15671-7,NA,NA,conf/npc/2010,NA,NA,NA,NA,Springer,NA,NA,NA,Lecture Notes in Computer Science,db/series/lncs/index.html,NA,NA,"Network and Parallel Computing, IFIP International Conference, NPC 2010, Zhengzhou, China, September 13-15, 2010. Proceedings",db/conf/npc/npc2010.html,6289,2010
5970272,NA,NA,WISM (3),NA,NA,Fu Lee Wang|Jingsheng Lei|Junjie Chen 0001|Xiangfeng Luo|Zhiguo Gong,0000-0002-3976-0053,https://doi.org/10.1007/978-3-642-24273-1,NA,NA,978-3-642-24272-4,NA,NA,conf/wism/2011-3,NA,NA,NA,NA,Springer,NA,NA,NA,Communications in Computer and Information Science,db/series/ccis/index.html,NA,NA,"Emerging Research in Web Information Systems and Mining - International Conference, WISM 2011, Taiyuan, China, September 23-25, 2011. Proceedings",db/conf/wism/wism2011-3.html,238,2011
5989038,NA,NA,CIKM,NA,NA,Alexandros Labrinidis|Alfredo Cuzzocrea|Andrei Z. Broder|Assaf Schuster|Divesh Srivastava|Haixun Wang|James Allan|K. Selçuk Candan|Mohammed J. Zaki|Norman W. Paton|Rakesh Agrawal 0001,NA,http://dl.acm.org/citation.cfm?id=3269206,NA,NA,978-1-4503-6014-2,NA,NA,conf/cikm/2018,NA,NA,NA,NA,ACM,NA,NA,NA,NA,NA,NA,NA,"Proceedings of the 27th ACM International Conference on Information and Knowledge Management, CIKM 2018, Torino, Italy, October 22-26, 2018",db/conf/cikm/cikm2018.html,NA,2018
5998613,NA,NA,SIW@CCS,NA,NA,Bill Chu|Emerson R. Murphy-Hill|Heather Richter Lipford|Robert Biddle,NA,https://doi.org/10.1145/2663887,NA,NA,978-1-4503-3152-4,NA,NA,conf/ccs/2014siw,NA,NA,NA,NA,ACM,NA,NA,NA,NA,NA,NA,NA,"Proceedings of the 2014 ACM Workshop on Security Information Workers, SIW '14, Scottsdale, Arizona, USA, November 7, 2014",db/conf/ccs/siw2014.html,NA,2014
5999115,NA,NA,CCSW,NA,NA,Adrian Perrig|Radu Sion,NA,http://dl.acm.org/citation.cfm?id=1866835,NA,NA,978-1-4503-0089-6,NA,NA,conf/ccs/2010ccsw,NA,NA,NA,NA,ACM,NA,NA,NA,NA,NA,NA,NA,"Proceedings of the 2nd ACM Cloud Computing Security Workshop, CCSW 2010, Chicago, IL, USA, October 8, 2010",db/conf/ccs/ccsw2010.html,NA,2010
6029393,NA,NA,Entertainment Computing and Serious Games,NA,NA,Katharina Anna Zweig|Maic Masuch|Michael D. Kickmeier-Rust|Ralf Dörner|Stefan Göbel 0001,NA,https://doi.org/10.1007/978-3-319-46152-6,NA,NA,978-3-319-46151-9,NA,NA,conf/dagstuhl/2015games,NA,NA,NA,NA,NA,NA,NA,NA,Lecture Notes in Computer Science,db/series/lncs/index.html,NA,NA,"Entertainment Computing and Serious Games - International GI-Dagstuhl Seminar 15283, Dagstuhl Castle, Germany, July 5-10, 2015, Revised Selected Papers",db/conf/dagstuhl/games2015.html,9970,2016
6030339,NA,NA,Dagstuhl Seminar on Partial Evaluation,NA,NA,Olivier Danvy|Peter Thiemann 0001|Robert Glück,0000-0001-6990-3935,https://doi.org/10.1007/3-540-61580-6|https://www.wikidata.org/entity/Q62038290,NA,NA,3-540-61580-6,NA,NA,conf/dagstuhl/1996pe,NA,NA,NA,NA,Springer,NA,NA,NA,Lecture Notes in Computer Science,db/series/lncs/index.html,NA,NA,"Partial Evaluation, International Seminar, Dagstuhl Castle, Germany, February 12-16, 1996, Selected Papers",db/conf/dagstuhl/dagstuhl-pe96.html,1110,1996
6091060,NA,NA,REV,NA,NA,Kalyan Ram Bhimavaram|Michael E. Auer|Xiao-Guang Yue,NA,https://doi.org/10.1007/978-3-030-82529-4,NA,NA,978-3-030-82528-7|978-3-030-82529-4,NA,NA,conf/rev/2021,NA,NA,NA,NA,Springer,NA,NA,NA,Lecture Notes in Networks and Systems,db/series/lnns/index.html,NA,NA,"Online Engineering and Society 4.0 - Proceedings of the 18th International Conference on Remote Engineering and Virtual Instrumentation, REV 2021, Hongkong, China, 24-26 February 2021.",db/conf/rev/rev2021.html,298,2022
6206071,NA,NA,HCI (12),NA,NA,Pei-Luen Patrick Rau,NA,https://doi.org/10.1007/978-3-030-77080-8,NA,NA,978-3-030-77079-2|978-3-030-77080-8,NA,NA,conf/hci/2021-12,NA,NA,NA,NA,Springer,NA,NA,NA,Lecture Notes in Computer Science,db/series/lncs/index.html,NA,NA,"Cross-Cultural Design. Applications in Cultural Heritage, Tourism, Autonomous Vehicles, and Intelligent Agents - 13th International Conference, CCD 2021, Held as Part of the 23rd HCI International Conference, HCII 2021, Virtual Event, July 24-29, 2021, Proceedings, Part III",db/conf/hci/hci2021-12.html,12773,2021
6233758,NA,NA,MEDES,NA,NA,Agma J. M. Traina|Epaminondas Kapetanios|Richard Chbeir|Youakim Badr,NA,NA,NA,NA,978-1-60558-829-2,NA,NA,conf/medes/2009,NA,NA,NA,NA,ACM,NA,NA,NA,NA,NA,NA,NA,"MEDES '09: International ACM Conference on Management of Emergent Digital EcoSystems, Lyon, France, October 27-30, 2009",db/conf/medes/medes2009.html,NA,2009
6248960,NA,NA,CAAN,NA,NA,Jeannette C. M. Janssen|Pawel Pralat,NA,https://doi.org/10.1007/978-3-540-77294-1,NA,NA,978-3-540-77293-4,NA,NA,conf/caan/2007,NA,NA,NA,NA,Springer,NA,NA,NA,Lecture Notes in Computer Science,db/series/lncs/index.html,NA,NA,"Combinatorial and Algorithmic Aspects of Networking, 4th Workshop, CAAN 2007, Halifax, Canada, August 14, 2007. Revised Papers",db/conf/caan/caan2007.html,4852,2007
6250154,NA,NA,PARA,NA,NA,Dorte Olesen|Jack J. Dongarra|Jerzy Wasniewski|Kaj Madsen,NA,https://doi.org/10.1007/3-540-62095-8,NA,NA,3-540-62095-8,NA,NA,conf/para/1996,NA,NA,NA,NA,Springer,NA,NA,NA,Lecture Notes in Computer Science,db/series/lncs/index.html,NA,NA,"Applied Parallel Computing, Industrial Computation and Optimization, Third International Workshop, PARA 96, Lyngby, Denmark, August 18-21, 1996, Proceedings",db/conf/para/para1996.html,1184,1996
6265674,NA,NA,VLSI-SoC,NA,NA,Hans Eveking|Leandro Soares Indrusiak|Manfred Glesner|Peter Zipf|Ricardo Augusto da Luz Reis|Vincent John Mooney III,NA,NA,NA,NA,3-901882-17-0,NA,NA,conf/vlsi/2003soc,NA,NA,NA,NA,"Technische Universität Darmstadt, Insitute of Microelectronic Systems",NA,NA,NA,NA,NA,NA,NA,"IFIP VLSI-SoC 2003, IFIP WG 10.5 International Conference on Very Large Scale Integration of System-on-Chip, Darmstadt, Germany, 1-3 December 2003",db/conf/vlsi/vlsisoc2003.html,NA,2003
6333200,NA,NA,DepLing,NA,NA,Eva Hajicová|Joakim Nivre,NA,https://aclanthology.org/W15-2100/|https://aclanthology.org/volumes/W15-21/,oa|oa,NA,978-91-637-8965-6,NA,NA,conf/depling/2015,NA,NA,NA,NA,"Uppsala University, Department of Linguistics and Philology",NA,NA,NA,NA,NA,NA,NA,"Proceedings of the Third International Conference on Dependency Linguistics, DepLing 2015, August 24-26 2015, Uppsala University, Uppsala, Sweden",db/conf/depling/depling2015.html,NA,2015
6382726,NA,NA,AICI (2),NA,NA,Duoqian Miao|Fu Lee Wang|Hepu Deng|Jingsheng Lei,0000-0002-3976-0053|0000-0003-1215-1650,https://doi.org/10.1007/978-3-642-23887-1,NA,NA,978-3-642-23886-4,NA,NA,conf/aici/2011-2,NA,NA,NA,NA,Springer,NA,NA,NA,Lecture Notes in Computer Science,db/series/lncs/index.html,NA,NA,"Artificial Intelligence and Computational Intelligence - Third International Conference, AICI 2011, Taiyuan, China, September 24-25, 2011, Proceedings, Part II",db/conf/aici/aici2011-2.html,7003,2011
6413276,NA,NA,STPIS,NA,NA,Alexander Nolte|Anna Sigridur Islind|Federico Pigni|Helena Vallo Hult|Mikko Rajanen|Peter M. Bednar,NA,http://ceur-ws.org/Vol-2789|https://nbn-resolving.org/urn:nbn:de:0074-2789-9,oa,NA,NA,NA,NA,conf/stpis/2020,NA,NA,NA,NA,CEUR-WS.org,NA,NA,NA,CEUR Workshop Proceedings,db/series/ceurws/index.html,NA,NA,"Proceedings of the 6th International Workshop on Socio-Technical Perspective in IS Development (STPIS 2020), Virtual conference in Grenoble, France, June 8-9, 2020.",db/conf/stpis/stpis2020.html,2789,2020
6482318,NA,NA,TCC,NA,NA,Ran Canetti,NA,https://doi.org/10.1007/978-3-540-78524-8,NA,NA,978-3-540-78523-1,NA,NA,conf/tcc/2008,NA,NA,NA,NA,Springer,NA,NA,NA,Lecture Notes in Computer Science,db/series/lncs/index.html,NA,NA,"Theory of Cryptography, Fifth Theory of Cryptography Conference, TCC 2008, New York, USA, March 19-21, 2008.",db/conf/tcc/tcc2008.html,4948,2008
6485758,NA,NA,Color Imaging Conference,NA,NA,NA,NA,http://ist.publisher.ingentaconnect.com/content/ist/cic/2003/00002003/00000001,archive,NA,0-89208-248-8,NA,NA,conf/imaging/2003,NA,NA,NA,NA,IS&T - The Society for Imaging Science and Technology,NA,NA,NA,NA,NA,NA,NA,"The Eleventh Color Imaging Conference: Color Science and Engineering Systems, Technologies, Applications, CIC 2003, Scottsdale, Arizona, USA, November 4-7, 2003",db/conf/imaging/cic2003.html,NA,2003
6496298,NA,NA,CSFW,NA,NA,NA,NA,https://ieeexplore.ieee.org/xpl/conhome/304/proceeding,NA,NA,0-8186-2071-4,NA,NA,conf/csfw/1990,NA,NA,NA,NA,IEEE Computer Society,NA,NA,NA,NA,NA,NA,NA,"Third IEEE Computer Security Foundations Workshop - CSFW'90, Franconia, New Hampshire, USA, June 12-14, 1990, Proceedings",db/conf/csfw/csfw1990.html,NA,1990
6511126,NA,NA,ITI,NA,NA,NA,NA,https://ieeexplore.ieee.org/xpl/conhome/4578606/proceeding,NA,NA,978-953-7138-12-7,NA,NA,conf/iti/2008,NA,NA,NA,NA,IEEE,NA,NA,NA,NA,NA,NA,NA,"Proceedings of the ITI 2008 30th International Conference on Information Technology Interfaces, Dubrovnik, Croatia, June 23-26, 2008",db/conf/iti/iti2008.html,NA,2008
6535075,NA,NA,ICC Workshops,NA,NA,NA,NA,https://ieeexplore.ieee.org/xpl/conhome/9138348/proceeding,NA,NA,978-1-7281-7440-2,NA,NA,conf/icc/2020w,NA,NA,NA,NA,IEEE,NA,NA,NA,NA,NA,NA,NA,"2020 IEEE International Conference on Communications Workshops, ICC Workshops 2020, Dublin, Ireland, June 7-11, 2020",db/conf/icc/icc2020w.html,NA,2020
6602818,NA,NA,HPCC,NA,NA,NA,NA,https://ieeexplore.ieee.org/xpl/conhome/4637648/proceeding|https://www.computer.org/csdl/proceedings/hpcc/2008/3352/00/index.html,NA,NA,978-0-7695-3352-0,NA,NA,conf/hpcc/2008,NA,NA,NA,NA,IEEE Computer Society,NA,NA,NA,NA,NA,NA,NA,"10th IEEE International Conference on High Performance Computing and Communications, HPCC 2008, 25-27 Sept. 2008, Dalian, China",db/conf/hpcc/hpcc2008.html,NA,2008
6674954,NA,NA,"Treewidth, Kernels, and Algorithms",NA,NA,Erik Jan van Leeuwen|Fedor V. Fomin|Stefan Kratsch,0000-0003-1955-4612,https://doi.org/10.1007/978-3-030-42071-0,NA,NA,978-3-030-42070-3|978-3-030-42071-0,NA,NA,conf/birthday/2020bodlaender,NA,NA,NA,NA,Springer,NA,NA,NA,Lecture Notes in Computer Science,db/series/lncs/index.html,NA,NA,"Treewidth, Kernels, and Algorithms - Essays Dedicated to Hans L. Bodlaender on the Occasion of His 60th Birthday",db/conf/birthday/bodlaender2020.html,12160,2020
6676489,NA,NA,The Art of Modelling Computational Systems,NA,NA,Carlos Olarte|Frank Valencia|Kostas Chatzikokolakis 0001|Mário S. Alvim,NA,https://doi.org/10.1007/978-3-030-31175-9,NA,NA,978-3-030-31174-2|978-3-030-31175-9,NA,NA,conf/birthday/2019palamidessi,NA,NA,NA,NA,Springer,NA,NA,NA,Lecture Notes in Computer Science,db/series/lncs/index.html,NA,NA,The Art of Modelling Computational Systems: A Journey from Logic and Concurrency to Security and Privacy - Essays Dedicated to Catuscia Palamidessi on the Occasion of Her 60th Birthday,db/conf/birthday/palamidessi2019.html,11760,2019
6769849,NA,NA,AIAI,NA,NA,Ilias Maglogiannis|John MacIntyre|Lazaros Iliadis,0000-0002-6404-1528|0000-0003-2860-399X,https://doi.org/10.1007/978-3-030-79150-6,NA,NA,978-3-030-79149-0|978-3-030-79150-6,NA,NA,conf/ifip12/2021aiai,NA,NA,NA,NA,Springer,NA,NA,NA,IFIP Advances in Information and Communication Technology,db/series/ifip/index.html,NA,NA,"Artificial Intelligence Applications and Innovations - 17th IFIP WG 12.5 International Conference, AIAI 2021, Hersonissos, Crete, Greece, June 25-27, 2021, Proceedings",db/conf/ifip12/aiai2021.html,627,2021
6821342,NA,NA,HWID,NA,NA,Dinesh S. Katre|Pradeep Yammiyavar|Rikke Orngreen|Torkil Clemmensen,0000-0001-9042-3178,https://doi.org/10.1007/978-3-642-11762-6,NA,NA,978-3-642-11761-9,NA,NA,conf/ifip13/2009,NA,NA,NA,NA,Springer,NA,NA,NA,IFIP Advances in Information and Communication Technology,db/series/ifip/index.html,NA,NA,"Human Work Interaction Design: Usability in Social, Cultural and Organizational Contexts - Second IFIP WG 13.6 Conference, HWID 2009, Pune, India, October 7-8, 2009, Revised Selected Papers",db/conf/ifip13/hwid2009.html,316,2010
6846413,NA,NA,SOLI,NA,NA,NA,NA,http://ieeexplore.ieee.org/xpl/mostRecentIssue.jsp?punumber=6948741,NA,NA,NA,NA,NA,conf/soli/2014,NA,NA,NA,NA,IEEE,NA,NA,NA,NA,NA,NA,NA,"Proceedings of 2014 IEEE International Conference on Service Operations and Logistics, and Informatics, Qingdao, China, October 8-10, 2014",db/conf/soli/soli2014.html,NA,2014
6863236,NA,NA,ReCoSoC,NA,NA,NA,NA,https://ieeexplore.ieee.org/xpl/conhome/6851790/proceeding,NA,NA,978-1-4799-5810-8,NA,NA,conf/recosoc/2014,NA,NA,NA,NA,IEEE,NA,NA,NA,NA,NA,NA,NA,"9th International Symposium on Reconfigurable and Communication-Centric Systems-on-Chip, ReCoSoC 2014, Montpellier, France, May 26-28, 2014",db/conf/recosoc/ReCoSoC2014.html,NA,2014
6869073,NA,NA,CICA,NA,NA,NA,NA,https://ieeexplore.ieee.org/xpl/conhome/4914929/proceeding,NA,NA,978-1-4244-2752-9,NA,NA,conf/cica/2009,NA,NA,NA,NA,IEEE,NA,NA,NA,NA,NA,NA,NA,"2009 IEEE Symposium on Computational Intelligence in Control and Automation, CICA 2009, Nashville, TN, USA, March 30 - April 2, 2009",db/conf/cica/cica2009.html,NA,2009
6871812,NA,NA,Annual Simulation Symposium,NA,NA,NA,NA,http://www.computer.org/csdl/proceedings/ss/1995/7091/00/index.html|https://ieeexplore.ieee.org/xpl/conhome/3145/proceeding,NA,NA,0-8186-7091-6,NA,NA,conf/anss/1995,NA,NA,NA,NA,IEEE Computer Society,NA,NA,NA,NA,NA,NA,NA,"Proceedings 28st Annual Simulation Symposium (SS '95), April 25-28, 1995, Santa Barbara, California, USA",db/conf/anss/anss1995.html,NA,1995
6912751,NA,NA,GISTAM (Selected Papers),NA,NA,Cédric Grueau|Lemonia Ragia|Robert Laurini,NA,https://doi.org/10.1007/978-3-030-76374-9,NA,NA,978-3-030-76373-2|978-3-030-76374-9,NA,NA,conf/gistam/2020s,NA,NA,NA,NA,Springer,NA,NA,NA,Communications in Computer and Information Science,db/series/ccis/index.html,NA,NA,"Geographical Information Systems Theory, Applications and Management - 6th International Conference, GISTAM 2020, Prague, Czech Republic, May 7-9, 2020, Revised Selected Papers",db/conf/gistam/gistam2020s.html,1411,2021
6975514,NA,NA,SIGMETRICS,NA,NA,Blaine D. Gaither|Larry W. Dowdy|Rick Bunt,NA,https://doi.org/10.1145/183018|https://doi.org/10.1145/183019,NA,NA,0-89791-659-X,NA,NA,conf/sigmetrics/1994,NA,NA,NA,NA,ACM,NA,NA,NA,NA,NA,NA,NA,"Proceedings of the 1994 ACM SIGMETRICS conference on Measurement and modeling of computer systems, Vanderbilt University, Nashville, Tennessee, USA, May 16-20, 1994",db/conf/sigmetrics/sigmetrics94.html,NA,1994
7000760,NA,NA,SIGUCCS,NA,NA,Jerome Smith|Marion Taylor|Penelope Crane|Tom Blake,NA,https://doi.org/10.1145/263814,NA,NA,0-89791-631-X,NA,NA,conf/siguccs/1993,NA,NA,NA,NA,ACM,NA,NA,NA,NA,NA,NA,NA,"Proceedings of the 21st Annual ACM SIGUCCS Conference on User Services, November 7-10, 1993, San Diego, California, USA",db/conf/siguccs/siguccs1993.html,NA,1993
7007133,NA,NA,IFIP Int. Conf. Digital Forensics,NA,NA,Gilbert L. Peterson|Sujeet Shenoi,NA,https://doi.org/10.1007/978-3-319-99277-8,NA,NA,978-3-319-99276-1|978-3-319-99277-8,NA,NA,conf/ifip11-9/2018,NA,NA,NA,NA,Springer,NA,NA,NA,IFIP Advances in Information and Communication Technology,db/series/ifip/index.html,NA,NA,"Advances in Digital Forensics XIV - 14th IFIP WG 11.9 International Conference, New Delhi, India, January 3-5, 2018, Revised Selected Papers",db/conf/ifip11-9/df2018.html,532,2018
7043422,NA,NA,BIOSTEC (Selected Papers),NA,NA,Ana L. N. Fred|Hugo Gamboa|Joaquim Filipe,0000-0002-5961-6606|0000-0003-1320-5024,https://doi.org/10.1007/978-3-642-18472-7,NA,NA,978-3-642-18471-0,NA,NA,conf/biostec/2010ccis,NA,NA,NA,NA,Springer,NA,NA,NA,Communications in Computer and Information Science,db/series/ccis/index.html,NA,NA,"Biomedical Engineering Systems and Technologies - Third International Joint Conference, BIOSTEC 2010, Valencia, Spain, January 20-23, 2010, Revised Selected Papers",db/conf/biostec/biostec2010ccis.html,127,2011
7055521,NA,NA,WoDOOM,NA,NA,Bijan Parsia|Guilin Qi|Matthew Horridge|Patrick Lambrix,NA,http://ceur-ws.org/Vol-1162|https://nbn-resolving.org/urn:nbn:de:0074-1162-0,oa,NA,NA,NA,NA,conf/esws/2014wodoom,NA,NA,NA,NA,CEUR-WS.org,NA,NA,NA,CEUR Workshop Proceedings,db/series/ceurws/index.html,NA,NA,"Proceedings of the Third International Workshop on Debugging Ontologies and Ontology Mappings, WoDOOM 2014, co-located with 11th Extended Semantic Web Conference (ESWC 2014), Anissaras/Hersonissou, Greece, May 26, 2014.",db/conf/esws/wodoom2014.html,1162,2014
7067354,NA,NA,NA,NA,NA,Michael Stonebraker,NA,https://doi.org/10.1145/130283|https://doi.org/10.1145/141484,NA,NA,978-0-89791-521-2,NA,NA,conf/sigmod/92,NA,NA,NA,NA,ACM Press,NA,NA,NA,NA,NA,NA,NA,"Proceedings of the 1992 ACM SIGMOD International Conference on Management of Data, San Diego, California, USA, June 2-5, 1992.",db/conf/sigmod/sigmod92.html,NA,1992
7070436,NA,NA,RobVis,NA,NA,Gerald Sommer|Reinhard Klette,NA,https://doi.org/10.1007/978-3-540-78157-8,NA,NA,978-3-540-78156-1,NA,NA,conf/robvis/2008,NA,NA,NA,NA,Springer,NA,NA,NA,Lecture Notes in Computer Science,db/series/lncs/index.html,NA,NA,"Robot Vision, Second International Workshop, RobVis 2008, Auckland, New Zealand, February 18-20, 2008, Proceedings",db/conf/robvis/robvis2008.html,4931,2008
7076556,NA,NA,WBDB,NA,NA,Chaitanya K. Baru|Hans-Arno Jacobsen|Kai Sachs|Meikel Poess|Tilmann Rabl,NA,https://doi.org/10.1007/978-3-319-20233-4,NA,NA,978-3-319-20232-7,NA,NA,conf/wbdb/2014,NA,NA,NA,NA,Springer,NA,NA,NA,Lecture Notes in Computer Science,db/series/lncs/index.html,NA,NA,"Big Data Benchmarking - 5th International Workshop, WBDB 2014, Potsdam, Germany, August 5-6, 2014, Revised Selected Papers",db/conf/wbdb/wbdb2014.html,8991,2015
7098801,NA,NA,Canadian Conference on AI,NA,NA,Luc Lamontagne|Mario Marchand,NA,https://doi.org/10.1007/11766247,NA,NA,3-540-34628-7,NA,NA,conf/ai/2006,NA,NA,NA,NA,Springer,NA,NA,NA,Lecture Notes in Computer Science,db/series/lncs/index.html,NA,NA,"Advances in Artificial Intelligence, 19th Conference of the Canadian Society for Computational Studies of Intelligence, Canadian AI 2006, Québec City, Québec, Canada, June 7-9, 2006, Proceedings",db/conf/ai/ai2006.html,4013,2006
7113576,NA,NA,REFSQ,NA,NA,Martin Glinz|Patrick Heymans,NA,https://doi.org/10.1007/978-3-642-02050-6,NA,NA,978-3-642-02049-0,NA,NA,conf/refsq/2009,NA,NA,NA,NA,Springer,NA,NA,NA,Lecture Notes in Computer Science,db/series/lncs/index.html,NA,NA,"Requirements Engineering: Foundation for Software Quality, 15th International Working Conference, REFSQ 2009, Amsterdam, The Netherlands, June 8-9, 2009, Proceedings",db/conf/refsq/refsq2009.html,5512,2009
7174175,NA,NA,IS&N,NA,NA,Alvin P. Mullery|Didoe Prevedourou|George D. Stamoulis|Jaime Delgado|Keith Start,0000-0003-1366-663X,https://doi.org/10.1007/3-540-46525-1,NA,NA,3-540-67152-8,NA,NA,conf/isn/2000,NA,NA,NA,NA,Springer,NA,NA,NA,Lecture Notes in Computer Science,db/series/lncs/index.html,NA,NA,"Telecommunications and IT Convergence Towards Service E-volution, 7th International Conference on Intelligence and Services in Networks, IS&N 2000, Athens, Greece, February 23-25, 2000, Proceedings",db/conf/isn/isn2000.html,1774,2000
7191481,NA,NA,MIPRO,NA,NA,Bojan Jerbic|Boris Vrdoljak|Dejan Skvorc|Edvard Tijan|Juraj Petrovic|Karolj Skala|Marina Cicin-Sain|Marko Koricic|Mladen Mauher|Nikola Filip Fijan|Slobodan Ribaric|Snjezana Babic|Stjepan Gros|Tihana Galinac Grbac|Tihomir Katulic|Vera Gradisnik|Vlado Sruk|Zeljka Car,NA,https://doi.org/10.23919/MIPRO52101.2021,NA,NA,978-953-233-101-1,NA,NA,conf/mipro/2021,NA,NA,NA,NA,IEEE,NA,NA,NA,NA,NA,NA,NA,"44th International Convention on Information, Communication and Electronic Technology, MIPRO 2021, Opatija, Croatia, September 27 - Oct. 1, 2021",db/conf/mipro/mipro2021.html,NA,2021
7250218,NA,NA,ASIACRYPT (2),NA,NA,Palash Sarkar 0001|Tetsu Iwata,NA,https://doi.org/10.1007/978-3-662-45608-8,NA,NA,978-3-662-45607-1,NA,NA,conf/asiacrypt/2014,NA,NA,NA,NA,Springer,NA,NA,NA,Lecture Notes in Computer Science,db/series/lncs/index.html,NA,NA,"Advances in Cryptology - ASIACRYPT 2014 - 20th International Conference on the Theory and Application of Cryptology and Information Security, Kaoshiung, Taiwan, R.O.C., December 7-11, 2014, Proceedings, Part II",db/conf/asiacrypt/asiacrypt2014.html,8874,2014
7256505,NA,NA,IScIDE,NA,NA,Hua Huang 0004|Huchuan Lu|Jian Yang 0003|Lihe Zhang|Yi Sun,NA,https://doi.org/10.1007/978-3-319-67777-4,NA,NA,978-3-319-67776-7|978-3-319-67777-4,NA,NA,conf/iscide/2017,NA,NA,NA,NA,Springer,NA,NA,NA,Lecture Notes in Computer Science,db/series/lncs/index.html,NA,NA,"Intelligence Science and Big Data Engineering - 7th International Conference, IScIDE 2017, Dalian, China, September 22-23, 2017, Proceedings",db/conf/iscide/iscide2017.html,10559,2017
7276854,NA,NA,CIDR,NA,NA,NA,NA,http://cidrdb.org/cidr2005/index.html,NA,NA,NA,NA,NA,conf/cidr/2005,NA,NA,NA,NA,www.cidrdb.org,NA,NA,NA,NA,NA,NA,NA,"Second Biennial Conference on Innovative Data Systems Research, CIDR 2005, Asilomar, CA, USA, January 4-7, 2005, Online Proceedings",db/conf/cidr/cidr2005.html,NA,2005
7359764,NA,NA,ICMC,NA,NA,Debasis Giri|Debdas Ghosh|Ekrem Savas|Kouichi Sakurai|L. P. Singh|Ram N. Mohapatra,NA,https://doi.org/10.1007/978-981-13-0023-3,NA,NA,978-981-13-0022-6|978-981-13-0023-3,NA,NA,conf/icmc2/2018,NA,NA,NA,NA,Springer,NA,NA,NA,Communications in Computer and Information Science,db/series/ccis/index.html,NA,NA,"Mathematics and Computing - 4th International Conference, ICMC 2018, Varanasi, India, January 9-11, 2018, Revised Selected Papers",db/conf/icmc2/icmc2018.html,834,2018
7411051,NA,NA,NA,NA,NA,Kia Makki|Niki Pissinou|Patrick Bergougnoux|Robert Laurini,NA,NA,NA,NA,0-89791-874-6,NA,NA,conf/gis/96,NA,NA,NA,NA,ACM,NA,NA,NA,NA,NA,NA,NA,"GIS '96, Proceedings of the fourth ACM workshop on Advances on Advances in Geographic Information Systems, November 15-16, 1996, Rockville, Maryland, USA",db/conf/gis/gis96.html,NA,1996
7414809,NA,NA,ICCS,NA,NA,Gerd Stumme|Harry S. Delugach,NA,https://doi.org/10.1007/3-540-44583-8,NA,NA,3-540-42344-3,NA,NA,conf/iccs/2001,NA,NA,NA,NA,Springer,NA,NA,NA,Lecture Notes in Computer Science,db/series/lncs/index.html,NA,NA,"Conceptual Structures: Broadening the Base, 9th International Conference on Conceptual Structures, ICCS 2001, Stanford, CA, USA, July 30-August 3, 2001, Proceedings",db/conf/iccs/iccs2001.html,2120,2001
7420573,NA,NA,ASIAN,NA,NA,P. S. Thiagarajan|Roland H. C. Yap,NA,https://doi.org/10.1007/3-540-46674-6,NA,NA,3-540-66856-X,NA,NA,conf/asian/1999,NA,NA,NA,NA,Springer,NA,NA,NA,Lecture Notes in Computer Science,db/series/lncs/index.html,NA,NA,"Advances in Computing Science - ASIAN'99, 5th Asian Computing Science Conference, Phuket, Thailand, December 10-12, 1999, Proceedings",db/conf/asian/asian99.html,1742,1999
7427095,NA,NA,LatinCloud,NA,NA,NA,NA,https://ieeexplore.ieee.org/xpl/conhome/6504848/proceeding,NA,NA,978-1-4673-5163-8,NA,NA,conf/latincloud/2012,NA,NA,NA,NA,IEEE,NA,NA,NA,NA,NA,NA,NA,"IEEE Latin America Conference on Cloud Computing and Communications, LatinCloud 2012, Porto Alegre, Brazil, November 26-27, 2012",db/conf/latincloud/latincloud2012.html,NA,2012
7427856,NA,NA,EvoApplications (2),NA,NA,Andreas Fink|Anthony Brabazon|Cecilia Di Chio|Ernesto Tarantino|Gary Greenfield|Gianni A. Di Caro|Jörn Grahl|Marc Ebner|Michael O'Neill 0001|Muddassar Farooq|Neil Urquhart|Penousal Machado,NA,https://doi.org/10.1007/978-3-642-12242-2,NA,NA,978-3-642-12241-5,NA,NA,conf/evoW/2010a2,NA,NA,NA,NA,Springer,NA,NA,NA,Lecture Notes in Computer Science,db/series/lncs/index.html,NA,NA,"Applications of Evolutionary Computation, EvoApplications 2010: EvoCOMNET, EvoENVIRONMENT, EvoFIN, EvoMUSART, and EvoTRANSLOG, Istanbul, Turkey, April 7-9, 2010, Proceedings, Part II",db/conf/evoW/evoappl2010-2.html,6025,2010
7433625,NA,NA,DASFAA Workshops,NA,NA,Goce Trajcevski|Lijun Chang|Wen Hua|Zhifeng Bao,NA,https://doi.org/10.1007/978-3-319-55705-2,NA,NA,978-3-319-55704-5,NA,NA,conf/dasfaa/2017w,NA,NA,NA,NA,Springer,NA,NA,NA,Lecture Notes in Computer Science,db/series/lncs/index.html,NA,NA,"Database Systems for Advanced Applications - DASFAA 2017 International Workshops: BDMS, BDQM, SeCoP, and DMMOOC, Suzhou, China, March 27-30, 2017, Proceedings",db/conf/dasfaa/dasfaa2017w.html,10179,2017
7435122,NA,NA,AUIC,NA,NA,Wayne Piekarski,NA,https://dl.acm.org/citation.cfm?id=1151758,NA,NA,1-920682-32-5,NA,NA,conf/auic/2006,NA,NA,NA,NA,Australian Computer Society,NA,NA,NA,CRPIT,db/series/crpit/index.html,NA,NA,"User Interfaces 2006, 7th Australasian User Interface Conference (AUIC 2006), Hobart, Tasmania, Australia, January 16-19 2005",db/conf/auic/auic2006.html,50,2006
7449621,NA,NA,JIISIC,NA,NA,Claudia Feregrino Uribe|J. Alejandro Díaz Méndez|Janeth Cruz Enríquez,NA,NA,NA,NA,970-94770-0-5,NA,NA,conf/jiisic/2006,NA,NA,NA,NA,NA,NA,NA,NA,NA,NA,NA,NA,"JIISIC'06 - V Jornadas Iberoamericanas de Ingeniería de Software e Ingeniería del Conocimiento, Memoria Técnica, Proceedings, Puebla, Pue. México, 1 al 3 de Febrero de 2006",db/conf/jiisic/jiisic2006.html,NA,2006
7507989,NA,NA,WADS,NA,NA,Anna Lubiw|Mohammad R. Salavatipour,0000-0002-2338-361X|0000-0002-7650-2045,https://doi.org/10.1007/978-3-030-83508-8,NA,NA,978-3-030-83507-1|978-3-030-83508-8,NA,NA,conf/wads/2021,NA,NA,NA,NA,Springer,NA,NA,NA,Lecture Notes in Computer Science,db/series/lncs/index.html,NA,NA,"Algorithms and Data Structures - 17th International Symposium, WADS 2021, Virtual Event, August 9-11, 2021, Proceedings",db/conf/wads/wads2021.html,12808,2021
7671947,NA,NA,AAAI Spring Symposium: Multidisciplinary Collaboration for Socially Assistive Robotics,NA,NA,NA,NA,http://www.aaai.org/Library/Symposia/Spring/ss07-07.php,NA,NA,NA,NA,NA,conf/aaaiss/2007-7,NA,NA,NA,NA,AAAI,NA,NA,NA,NA,NA,NA,NA,"Multidisciplinary Collaboration for Socially Assistive Robotics, Papers from the 2007 AAAI Spring Symposium, Technical Report SS-07-07, Stanford, California, USA, March 26-28, 2007",db/conf/aaaiss/aaaiss2007-7.html,NA,2007
7704931,NA,NA,EUROCRYPT,NA,NA,Moni Naor,NA,https://doi.org/10.1007/978-3-540-72540-4|https://www.wikidata.org/entity/Q21777804,NA,NA,978-3-540-72539-8,NA,NA,conf/eurocrypt/2007,NA,NA,NA,NA,Springer,NA,NA,NA,Lecture Notes in Computer Science,db/series/lncs/index.html,NA,NA,"Advances in Cryptology - EUROCRYPT 2007, 26th Annual International Conference on the Theory and Applications of Cryptographic Techniques, Barcelona, Spain, May 20-24, 2007, Proceedings",db/conf/eurocrypt/eurocrypt2007.html,4515,2007
7705293,NA,NA,EUROCRYPT,NA,NA,Nigel P. Smart,NA,https://doi.org/10.1007/978-3-540-78967-3,NA,NA,978-3-540-78966-6,NA,NA,conf/eurocrypt/2008,NA,NA,NA,NA,Springer,NA,NA,NA,Lecture Notes in Computer Science,db/series/lncs/index.html,NA,NA,"Advances in Cryptology - EUROCRYPT 2008, 27th Annual International Conference on the Theory and Applications of Cryptographic Techniques, Istanbul, Turkey, April 13-17, 2008. Proceedings",db/conf/eurocrypt/eurocrypt2008.html,4965,2008
7723673,NA,NA,CSoNet,NA,NA,Andrea Tagarelli|Hanghang Tong,NA,https://doi.org/10.1007/978-3-030-34980-6,NA,NA,978-3-030-34979-0|978-3-030-34980-6,NA,NA,conf/csonet/2019,NA,NA,NA,NA,Springer,NA,NA,NA,Lecture Notes in Computer Science,db/series/lncs/index.html,NA,NA,"Computational Data and Social Networks - 8th International Conference, CSoNet 2019, Ho Chi Minh City, Vietnam, November 18-20, 2019, Proceedings",db/conf/csonet/csonet2019.html,11917,2019
7741543,NA,NA,ICCS (1),NA,NA,G. Dick van Albada|Jack J. Dongarra|Marian Bubak|Peter M. A. Sloot,NA,https://doi.org/10.1007/978-3-540-69384-0,NA,NA,978-3-540-69383-3,NA,NA,conf/iccS/2008-1,NA,NA,NA,NA,Springer,NA,NA,NA,Lecture Notes in Computer Science,db/series/lncs/index.html,NA,NA,"Computational Science - ICCS 2008, 8th International Conference, Kraków, Poland, June 23-25, 2008, Proceedings, Part I",db/conf/iccS/iccS2008-1.html,5101,2008
7747291,NA,NA,CCGrid,NA,NA,NA,NA,http://dl.acm.org/citation.cfm?id=3101112|https://ieeexplore.ieee.org/xpl/conhome/7973338/proceeding|https://www.computer.org/csdl/proceedings/ccgrid/2017/6611/00/index.html,NA,NA,978-1-5090-6610-0,NA,NA,conf/ccgrid/2017,NA,NA,NA,NA,IEEE Computer Society / ACM,NA,NA,NA,NA,NA,NA,NA,"Proceedings of the 17th IEEE/ACM International Symposium on Cluster, Cloud and Grid Computing, CCGRID 2017, Madrid, Spain, May 14-17, 2017",db/conf/ccgrid/ccgrid2017.html,NA,2017
7747451,NA,NA,CCGRID,NA,NA,Cho-Li Wang|Franck Cappello|Rajkumar Buyya,NA,http://www.computer.org/csdl/proceedings/ccgrid/2009/3622/00/index.html|https://ieeexplore.ieee.org/xpl/conhome/5071832/proceeding,NA,NA,978-0-7695-3622-4,NA,NA,conf/ccgrid/2009,NA,NA,NA,NA,IEEE Computer Society,NA,NA,NA,NA,NA,NA,NA,"9th IEEE/ACM International Symposium on Cluster Computing and the Grid, CCGrid 2009, Shanghai, China, 18-21 May 2009",db/conf/ccgrid/ccgrid2009.html,NA,2009
7750573,NA,NA,IESS,NA,NA,João Falcão e Cunha|Maria Henriqueta Nóvoa|Mehdi Snene,NA,https://doi.org/10.1007/978-3-642-36356-6,NA,NA,978-3-642-36355-9,NA,NA,conf/icexss/2013,NA,NA,NA,NA,Springer,NA,NA,NA,Lecture Notes in Business Information Processing,db/series/lnbip/index.html,NA,NA,"Exploring Services Science - 4th International Conference, IESS 2013, Porto, Portugal, February 7-8, 2013. Proceedings",db/conf/icexss/icexss2013.html,143,2013
7768608,NA,NA,ISLPED,NA,NA,Christian C. Enz|David T. Blaauw|Enrico Macii|Thaddeus Gabara,NA,NA,NA,NA,1-58113-190-9,NA,NA,conf/islped/2000,NA,NA,NA,NA,ACM,NA,NA,NA,NA,NA,NA,NA,"Proceedings of the 2000 International Symposium on Low Power Electronics and Design, 2000, Rapallo, Italy, July 25-27, 2000",db/conf/islped/islped2000.html,NA,2000
7814535,NA,NA,EuroVA@EuroVis,NA,NA,Cagatay Turkay|Tatiana von Landesberger,NA,https://diglib.eg.org/handle/10.2312/2632784,NA,NA,978-3-03868-087-1,NA,NA,conf/vissym/2019va,NA,NA,NA,NA,Eurographics Association,NA,NA,NA,NA,NA,NA,NA,"10th International EuroVis Workshop on Visual Analytics, EuroVA@EuroVis 2019, June 3, 2019, Porto, Portugal",db/conf/vissym/va2019.html,NA,2019
7838391,NA,NA,ICTAI,NA,NA,NA,NA,http://www.computer.org/csdl/proceedings/ictai/2013/2971/00/index.html|https://ieeexplore.ieee.org/xpl/conhome/6734837/proceeding,NA,NA,978-1-4799-2971-9,NA,NA,conf/ictai/2013,NA,NA,NA,NA,IEEE Computer Society,NA,NA,NA,NA,NA,NA,NA,"25th IEEE International Conference on Tools with Artificial Intelligence, ICTAI 2013, Herndon, VA, USA, November 4-6, 2013",db/conf/ictai/ictai2013.html,NA,2013
7863860,NA,NA,DIVANet,NA,NA,Mirela Sechi Moretti Annoni Notare|Peng Sun 0007,NA,https://doi.org/10.1145/3345838,NA,NA,978-1-4503-6907-7,NA,NA,conf/mswim/2019divanet,NA,NA,NA,NA,ACM,NA,NA,NA,NA,NA,NA,NA,"Proceedings of the 9th ACM Symposium on Design and Analysis of Intelligent Vehicular Networks and Applications, DIVANet 2019, Miami Beach, FL, USA, November 25-29, 2019.",db/conf/mswim/divanet2019.html,NA,2019
7965903,NA,NA,EUSPN/ICTH,NA,NA,Elhadi M. Shakshuki,NA,https://www.sciencedirect.com/science/journal/18770509/21,NA,NA,NA,NA,NA,conf/euspn/2013,NA,NA,NA,NA,Elsevier,NA,NA,NA,Procedia Computer Science,db/series/procedia/index.html,NA,NA,"The 4th International Conference on Emerging Ubiquitous Systems and Pervasive Networks (EUSPN-2013) and the 3rd International Conference on Current and Future Trends of Information and Communication Technologies in Healthcare (ICTH), Niagara Falls, Ontario, Canada, October 21-24, 2013",db/conf/euspn/euspn2013.html,21,2013
7974716,NA,NA,ICBL,NA,NA,Chiaki Iwasaki|Lam For Kwok|Makoto Kageto|Richard Chen Li|Simon K. S. Cheung,0000-0001-8208-9659|0000-0002-3782-0737,https://doi.org/10.1007/978-3-030-80504-3,NA,NA,978-3-030-80503-6|978-3-030-80504-3,NA,NA,conf/icbl/2021,NA,NA,NA,NA,Springer,NA,NA,NA,Lecture Notes in Computer Science,db/series/lncs/index.html,NA,NA,"Blended Learning: Re-thinking and Re-defining the Learning Process. - 14th International Conference, ICBL 2021, Nagoya, Japan, August 10-13, 2021, Proceedings",db/conf/icbl/icbl2021.html,12830,2021
8022752,NA,NA,ICSR,NA,NA,Adam Spiers|Alexander Lenz|Guido Herrmann|Martin J. Pearson|Paul Bremner|Ute Leonards,0000-0001-5390-4538|0000-0001-6143-7466,https://doi.org/10.1007/978-3-319-02675-6|https://www.wikidata.org/entity/Q57918706,NA,NA,978-3-319-02674-9,NA,NA,conf/socrob/2013,NA,NA,NA,NA,Springer,NA,NA,NA,Lecture Notes in Computer Science,db/series/lncs/index.html,NA,NA,"Social Robotics - 5th International Conference, ICSR 2013, Bristol, UK, October 27-29, 2013, Proceedings",db/conf/socrob/icsr2013.html,8239,2013
8043600,NA,NA,SIGGRAPH (Visual Proceedings),NA,NA,NA,NA,https://doi.org/10.1145/131340,NA,NA,0-89791-423-6,NA,NA,conf/siggraph/1992vp,NA,NA,NA,NA,ACM,NA,NA,NA,NA,NA,NA,NA,"Visual Proceedings of the 19th Annual Conference on Computer Graphics and Interactive Techniques, SIGGRAPH 1992, Chicago, IL, USA, July 27-31, 1992",db/conf/siggraph/siggraph1992vp.html,NA,1992
8060599,NA,NA,ACIVS,NA,NA,Dan C. Popescu|Jacques Blanc-Talon|Paul Scheunders|Wilfried Philips,NA,https://doi.org/10.1007/11864349,NA,NA,3-540-44630-3,NA,NA,conf/acivs/2006,NA,NA,NA,NA,Springer,NA,NA,NA,Lecture Notes in Computer Science,db/series/lncs/index.html,NA,NA,"Advanced Concepts for Intelligent Vision Systems, 8th International Conference, ACIVS 2006, Antwerp, Belgium, September 18-21, 2006, Proceedings",db/conf/acivs/acivs2006.html,4179,2006
8073223,NA,NA,JELIA,NA,NA,Ewa Orlowska|José Júlio Alferes|Luís Moniz Pereira,0000-0001-5520-4623|0000-0002-7931-2351,https://doi.org/10.1007/3-540-61630-6|https://www.wikidata.org/entity/Q58198169,NA,NA,3-540-61630-6,NA,NA,conf/jelia/1996,NA,NA,NA,NA,Springer,NA,NA,NA,Lecture Notes in Computer Science,db/series/lncs/index.html,NA,NA,"Logics in Artificial Intelligence, European Workshop, JELIA '96, Évora, Portugal, September 30 - October 3, 1996, Proceedings",db/conf/jelia/jelia96.html,1126,1996
8076114,NA,NA,IS,NA,NA,Adel Said Elmaghraby|Robert Dees,NA,NA,NA,NA,1-880843-43-9,NA,NA,conf/ISCAicis/2002,NA,NA,NA,NA,ISCA,NA,NA,NA,NA,NA,NA,NA,"Proceedings of the 11th Conference on Intelligent Systems: Emerging Technologies, July 18-20, 2002, Boston, Massachusetts, USA.",db/conf/ISCAicis/ISCAicis2002.html,NA,2002
8100830,NA,NA,SMIR@SIGIR,NA,NA,Alessandro Moschitti|Hang Li 0001|Julio Gonzalo|Jun Xu 0001,NA,http://ceur-ws.org/Vol-1204|https://nbn-resolving.org/urn:nbn:de:0074-1204-0,oa,NA,NA,NA,NA,conf/sigir/2014smir,NA,NA,NA,NA,CEUR-WS.org,NA,NA,NA,CEUR Workshop Proceedings,db/series/ceurws/index.html,NA,NA,"Proceedings of Workshop on Semantic Matching in Information Retrieval co-located with the 37th international ACM SIGIR conference on research and development in information retrieval, SMIR@SIGIR 2014, Queensland, Australia, July 11, 2014.",db/conf/sigir/smir2014.html,1204,2014
8106148,NA,NA,NA,NA,NA,James A. Iverson|P. Bruce Berra|Robert T. Dattola,NA,https://doi.org/10.1145/800096,NA,NA,NA,NA,NA,conf/sigir/78,NA,NA,NA,NA,ACM,NA,NA,NA,NA,NA,NA,NA,"ACM-SIGIR, International Conference on Information Storage and Retrieval, Rochester, New York, USA, May 10-12, 1978, Proceedings",db/conf/sigir/sigir78.html,NA,1978
8110331,NA,NA,SIGGRAPH Asia Technical Briefs,NA,NA,Kun Zhou|Nafees Bin Zafar,NA,https://dl.acm.org/citation.cfm?id=3283254,NA,NA,978-1-4503-6062-3,NA,NA,conf/siggrapha/2018briefs,NA,NA,NA,NA,ACM,NA,NA,NA,NA,NA,NA,NA,"SIGGRAPH Asia 2018 Technical Briefs, Tokyo, Japan, December 04-07, 2018",db/conf/siggrapha/siggrapha2018briefs.html,NA,2018
8120626,NA,NA,PETRA,NA,NA,Fillia Makedon,NA,NA,NA,NA,978-1-4503-0071-1,NA,NA,conf/petra/2010,NA,NA,NA,NA,ACM,NA,NA,NA,ACM International Conference Proceeding Series,db/series/aicps/index.html,NA,NA,"Proceedings of the 3rd International Conference on Pervasive Technologies Related to Assistive Environments, PETRA 2010, Samos, Greece, June 23-25, 2010",db/conf/petra/petra2010.html,NA,2010
8167915,NA,NA,ISPW,NA,NA,Colin Tully,NA,https://doi.org/10.1145/75110|https://doi.org/10.1145/75111,NA,NA,978-0-89791-314-0,NA,NA,conf/ispw/1988,NA,NA,NA,NA,ACM,NA,NA,NA,NA,NA,NA,NA,"Proceedings of the Forth International Software Process Workshop, ISPW 1988, Moretonhampstead, Devon, UK, May 1988",db/conf/ispw/ispw1988.html,NA,1988
8183144,NA,NA,VECoS,NA,NA,Belgacem Ben Hedia|Florin Popentiu Vladicescu,NA,http://ceur-ws.org/Vol-1431|https://nbn-resolving.org/urn:nbn:de:0074-1431-6,oa,NA,NA,NA,NA,conf/vecos/2015,NA,NA,NA,NA,CEUR-WS.org,NA,NA,NA,CEUR Workshop Proceedings,db/series/ceurws/index.html,NA,NA,"Proceedings of the 9th Workshop on Verification and Evaluation of Computer and Communication Systems, VECoS 2015, Bucharest, Romania, September 10-11, 2015.",db/conf/vecos/vecos2015.html,1431,2015
8189885,NA,NA,E2DC,NA,NA,Marta Chinnici|Milagros Rey Porto|Sonja Klingert,0000-0001-8123-2791,https://doi.org/10.1007/978-3-319-15786-3,NA,NA,978-3-319-15785-6,NA,NA,conf/e2dc/2014,NA,NA,NA,NA,Springer,NA,NA,NA,Lecture Notes in Computer Science,db/series/lncs/index.html,NA,NA,"Energy Efficient Data Centers - Third International Workshop, E",db/conf/e2dc/e2dc2014.html,8945,2015
8201098,NA,NA,PrOse@PoEM,NA,NA,Dimitris Karagiannis|Dominik Bork|Jan Vanthienen,NA,http://ceur-ws.org/Vol-1999|https://nbn-resolving.org/urn:nbn:de:0074-1999-7,oa,NA,NA,NA,NA,conf/ifip8-1/2017prose,NA,NA,NA,NA,CEUR-WS.org,NA,NA,NA,CEUR Workshop Proceedings,db/series/ceurws/index.html,NA,NA,"Proceedings of the 1st International Workshop on Practicing Open Enterprise Modeling within OMiLAB (PrOse 2017) co-located with 10th IFIP WG 8.1 Working Conference on the Practice of Enterprise Modelling (PoEM 2017), Leuven, Belgium, November 22, 2017.",db/conf/ifip8-1/prose2017.html,1999,2017
8243310,NA,NA,INTERACT (4),NA,NA,Gary Marsden|Gitte Lindgaard|Janet Wesson|Marco Winckler|Paula Kotzé,NA,https://doi.org/10.1007/978-3-642-40498-6,NA,NA,978-3-642-40497-9,NA,NA,conf/interact/2013-4,NA,NA,NA,NA,Springer,NA,NA,NA,Lecture Notes in Computer Science,db/series/lncs/index.html,NA,NA,"Human-Computer Interaction - INTERACT 2013 - 14th IFIP TC 13 International Conference, Cape Town, South Africa, September 2-6, 2013, Proceedings, Part IV",db/conf/interact/interact2013-4.html,8120,2013
8262957,NA,NA,ADBIS (2),NA,NA,A Min Tjoa|Johann Eder|Mária Bieliková,NA,http://ceur-ws.org/Vol-789|https://nbn-resolving.org/urn:nbn:de:0074-789-6,oa,NA,NA,NA,NA,conf/adbis/2011-2,NA,NA,NA,NA,CEUR-WS.org,NA,NA,NA,CEUR Workshop Proceedings,db/series/ceurws/index.html,NA,NA,"ADBIS 2011, Research Communications, Proceedings II of the 15th East-European Conference on Advances in Databases and Information Systems, September 20-23, 2011, Vienna, Austria",db/conf/adbis/adbis2011-2.html,789,2011
8280556,NA,NA,IAAI,NA,NA,John Riedl|Randall W. Hill Jr.,NA,NA,NA,NA,1-57735-188-6,NA,NA,conf/iaai/2003,NA,NA,NA,NA,AAAI,NA,NA,NA,NA,NA,NA,NA,"Proceedings of the Fifteenth Conference on Innovative Applications of Artificial Intelligence, August 12-14, 2003, Acapulco, Mexico",db/conf/iaai/iaai2003.html,NA,2003
8283523,NA,NA,CSREA EEE,NA,NA,Azita Bahrami|Hamid R. Arabnia,NA,NA,NA,NA,1-60132-063-9,NA,NA,conf/csreaEEE/2008,NA,NA,NA,NA,CSREA Press,NA,NA,NA,NA,NA,NA,NA,"Proceedings of the 2008 International Conference on E-Learning, E-Business, Enterprise Information Systems, and E-Government, EEE 2008, July 14-17, 2008, Las Vegas, Nevada, USA",db/conf/csreaEEE/csreaEEE2008.html,NA,2008
8284625,NA,NA,ICETE (1),NA,NA,Christian Callegari|Marten van Sinderen|Mohammad S. Obaidat|Panagiotis G. Sarigiannidis|Pascal Lorenz|Paulo Novais|Sebastiano Battiato|Ángel Serrano Sánchez de León,NA,NA,NA,NA,978-989-758-319-3,NA,NA,conf/icete/2018-1,NA,NA,NA,NA,SciTePress,NA,NA,NA,NA,NA,NA,NA,"Proceedings of the 15th International Joint Conference on e-Business and Telecommunications, ICETE 2018 - Volume 1: DCNET, ICE-B, OPTICS, SIGMAP and WINSYS, Porto, Portugal, July 26-28, 2018.",db/conf/icete/icete2018-1.html,NA,2018
8300855,NA,NA,PLEASE,NA,NA,NA,NA,https://ieeexplore.ieee.org/xpl/conhome/6596170/proceeding|https://www.computer.org/csdl/proceedings/please/2013/6449/00/index.html,NA,NA,978-1-4673-6449-2,NA,NA,conf/icse/2013please,NA,NA,NA,NA,IEEE Computer Society,NA,NA,NA,NA,NA,NA,NA,"4th International Workshop on Product LinE Approaches in Software Engineering, PLEASE 2013, San Francisco, CA, USA, May 20, 2013",db/conf/icse/please2013.html,NA,2013
8308729,NA,NA,INFORSID,NA,NA,NA,NA,NA,NA,NA,NA,NA,NA,conf/inforsid/2009,NA,NA,NA,NA,NA,NA,NA,NA,NA,NA,NA,NA,"Actes du XXVIIème Congrès INFORSID, Toulouse, France, 26-29 mai 2009",db/conf/inforsid/inforsid2009.html,NA,2009
8365890,NA,NA,ECCV (3),NA,NA,Andrew Zisserman|David A. Forsyth|Philip H. S. Torr,NA,https://doi.org/10.1007/978-3-540-88690-7,NA,NA,978-3-540-88689-1,NA,NA,conf/eccv/2008-3,NA,NA,NA,NA,Springer,NA,NA,NA,Lecture Notes in Computer Science,db/series/lncs/index.html,NA,NA,"Computer Vision - ECCV 2008, 10th European Conference on Computer Vision, Marseille, France, October 12-18, 2008, Proceedings, Part III",db/conf/eccv/eccv2008-3.html,5304,2008
8371466,NA,NA,ECCV (6),NA,NA,Cristian Sminchisescu|Martial Hebert|Vittorio Ferrari|Yair Weiss,NA,https://doi.org/10.1007/978-3-030-01231-1,NA,NA,978-3-030-01230-4|978-3-030-01231-1,NA,NA,conf/eccv/2018-6,NA,NA,NA,NA,Springer,NA,NA,NA,Lecture Notes in Computer Science,db/series/lncs/index.html,NA,NA,"Computer Vision - ECCV 2018 - 15th European Conference, Munich, Germany, September 8-14, 2018, Proceedings, Part VI",db/conf/eccv/eccv2018-6.html,11210,2018
8447365,NA,NA,User Interfaces for All,NA,NA,Constantine Stephanidis|Noelle Carbonell,NA,https://doi.org/10.1007/3-540-36572-9,NA,NA,3-540-00855-1,NA,NA,conf/uiall/2002,NA,NA,NA,NA,Springer,NA,NA,NA,Lecture Notes in Computer Science,db/series/lncs/index.html,NA,NA,"Universal Access: Theoretical Perspectives, Practice, and Experience, 7th ERCIM International Workshop on User Interfaces for All, Paris, France, October 24-25, 2002, Revised Papers",db/conf/uiall/uiall2002.html,2615,2003
8466763,NA,NA,WPMC,NA,NA,NA,NA,https://ieeexplore.ieee.org/xpl/conhome/6068193/proceeding,NA,NA,978-1-4577-1786-4,NA,NA,conf/wpmc/2011,NA,NA,NA,NA,IEEE,NA,NA,NA,NA,NA,NA,NA,"14th International Symposium on Wireless Personal Multimedia Communications, WPMC 2011, Brest, France, October 3-7, 2011",db/conf/wpmc/wpmc2011.html,NA,2011
8469107,NA,NA,WEA (2),NA,NA,Juan Carlos Figueroa-García|Juan G. Villegas|Juan Rafael Orozco-Arroyave|Pablo Andrés Maya Duque,NA,https://doi.org/10.1007/978-3-030-00353-1,NA,NA,978-3-030-00352-4|978-3-030-00353-1,NA,NA,conf/wea2/2018-2,NA,NA,NA,NA,Springer,NA,NA,NA,Communications in Computer and Information Science,db/series/ccis/index.html,NA,NA,"Applied Computer Sciences in Engineering - 5th Workshop on Engineering Applications, WEA 2018, Medellín, Colombia, October 17-19, 2018, Proceedings, Part II",db/conf/wea2/wea2018-2.html,916,2018
8484126,NA,NA,CRIS,NA,NA,Colin J. Tully|Henk G. Sol|T. William Olle,NA,NA,NA,NA,0-444-86705-8,NA,NA,conf/cris/83,NA,NA,NA,NA,North-Holland,NA,NA,NA,NA,NA,NA,NA,"Information Systems Design Methodologies: A Feature Analysis, Proceedings of the IFIP WG 8.1 Working Conference on Feature Analysis of Information Systems Design Methodologies, York, UK, 5-7 July, 1983 (CRIS 1983)",db/conf/cris/cris83.html,NA,1983
8535040,NA,NA,EuroMLSys@EuroSys,NA,NA,Eiko Yoneki|Paul Patras,NA,https://doi.org/10.1145/3437984,NA,NA,978-1-4503-8298-4,NA,NA,conf/eurosys/2021ml,NA,NA,NA,NA,ACM,NA,NA,NA,NA,NA,NA,NA,"EuroMLSys@EuroSys 2021, Proceedings of the 1st Workshop on Machine Learning and Systemsg Virtual Event, Edinburgh, Scotland, UK, 26 April, 2021",db/conf/eurosys/euromlsys2021.html,NA,2021
8570044,NA,NA,CA,NA,NA,NA,NA,http://www.computer.org/csdl/proceedings/ca/2000/0683/00/index.html|https://ieeexplore.ieee.org/xpl/conhome/7137/proceeding,NA,NA,0-7695-0683-6,NA,NA,conf/ca/2000,NA,NA,NA,NA,IEEE Computer Society,NA,NA,NA,NA,NA,NA,NA,"Computer Animation 2000, CA 2000, Philadelphia, Pennsylvania, USA, May 3-5, 2000",db/conf/ca/ca2000.html,NA,2000
8577438,NA,NA,ICSM,NA,NA,Andrian Marcus|Michele Lanza|Radu Marinescu 0001,NA,http://www.computer.org/csdl/proceedings/icsm/2010/8630/00/index.html|https://ieeexplore.ieee.org/xpl/conhome/5604771/proceeding,NA,NA,978-1-4244-8630-4,NA,NA,conf/icsm/2010,NA,NA,NA,NA,IEEE Computer Society,NA,NA,NA,NA,NA,NA,NA,"26th IEEE International Conference on Software Maintenance (ICSM 2010), September 12-18, 2010, Timisoara, Romania",db/conf/icsm/icsm2010.html,NA,2010
8577788,NA,NA,ICMB,NA,NA,NA,NA,http://aisel.aisnet.org/icmb2012/,NA,NA,NA,NA,NA,conf/icmb/2012,NA,NA,NA,NA,Association for Information Systems,NA,NA,NA,NA,NA,NA,NA,"International Conference on Mobile Business, ICMB 2012, Delft, The Netherlands, June 21-22, 2012",db/conf/icmb/icmb2012.html,NA,2012
8641156,NA,NA,ITWP,NA,NA,Bamshad Mobasher|Sarabjot S. Anand,NA,https://doi.org/10.1007/11577935,NA,NA,3-540-29846-0,NA,NA,conf/ijcai/2003itwp,NA,NA,NA,NA,Springer,NA,NA,NA,Lecture Notes in Computer Science,db/series/lncs/index.html,NA,NA,"Intelligent Techniques for Web Personalization, IJCAI 2003 Workshop, ITWP 2003, Acapulco, Mexico, August 11, 2003, Revised Selected Papers",db/conf/ijcai/itwp2003.html,3169,2005
8642357,NA,NA,IJCAI,NA,NA,Jérôme Lang,NA,http://www.ijcai.org/proceedings/2018/,oa,NA,978-0-9992411-2-7,NA,NA,conf/ijcai/2018,NA,NA,NA,NA,ijcai.org,NA,NA,NA,NA,NA,NA,NA,"Proceedings of the Twenty-Seventh International Joint Conference on Artificial Intelligence, IJCAI 2018, July 13-19, 2018, Stockholm, Sweden.",db/conf/ijcai/ijcai2018.html,NA,2018
8689901,NA,NA,EDOC,NA,NA,NA,NA,http://www.computer.org/csdl/proceedings/edoc/2003/1994/00/index.html|https://ieeexplore.ieee.org/xpl/conhome/8730/proceeding,NA,NA,0-7695-1994-6,NA,NA,conf/edoc/2003,NA,NA,NA,NA,IEEE Computer Society,NA,NA,NA,NA,NA,NA,NA,"7th International Enterprise Distributed Object Computing Conference (EDOC 2003), 16-19 September 2003, Brisbane, Australia, Proceedings",db/conf/edoc/edoc2003.html,NA,2003
8694276,NA,NA,Robustness in Identification and Control,NA,NA,Alberto Tesi|Andrea Garulli,NA,https://doi.org/10.1007/bfb0109854,NA,NA,978-1-85233-179-5,NA,NA,conf/ric/1998,NA,NA,NA,NA,Springer,NA,NA,NA,Lecture Notes in Control and Information Sciences,NA,NA,NA,"Robustness in Identification and Control, Workshop Robustness in Identification and Control, Siena, Italy, July 30 - August 2, 1998.",db/conf/ric/ric1998.html,245,1999
8709343,NA,NA,DocEng,NA,NA,Sonja Schimmler|Uwe M. Borghoff,NA,https://doi.org/10.1145/3342558,NA,NA,978-1-4503-6887-2,NA,NA,conf/doceng/2019,NA,NA,NA,NA,ACM,NA,NA,NA,NA,NA,NA,NA,"Proceedings of the ACM Symposium on Document Engineering 2019, Berlin, Germany, September 23-26, 2019.",db/conf/doceng/doceng2019.html,NA,2019
8757144,NA,NA,Automotive - Safety & Security,NA,NA,Erhard Plödereder|Herbert Klenk|Hubert B. Keller|Peter Dencker,NA,https://dl.gi.de/handle/20.500.12116/21099,oa,NA,978-3-88579-634-3,NA,NA,conf/automotiveSS/2014,NA,NA,NA,NA,GI,NA,NA,NA,LNI,db/series/lni/index.html,NA,NA,"Automotive - Safety & Security 2014 (2015), Sicherheit und Zuverlässigkeit für automobile Informationstechnik, Tagung, 21.-22.04.2015, Stuttgart, Germany",db/conf/automotiveSS/automotiveSS2014.html,P-240,2014
8766569,NA,NA,VEE,NA,NA,Andrew Warfield|Emery D. Berger|Marc E. Fiuczynski,NA,https://doi.org/10.1145/1735997|https://doi.org/10.1145/1837854,NA,NA,978-1-60558-910-7,NA,NA,conf/vee/2010,NA,NA,NA,NA,ACM,NA,NA,NA,NA,NA,NA,NA,"Proceedings of the 6th International Conference on Virtual Execution Environments, VEE 2010, Pittsburgh, Pennsylvania, USA, March 17-19, 2010",db/conf/vee/vee2010.html,NA,2010
8770324,NA,NA,EWSDN,NA,NA,NA,NA,https://ieeexplore.ieee.org/xpl/conhome/7954895/proceeding|https://www.computer.org/csdl/proceedings/ewsdn/2016/6146/00/index.html,NA,NA,978-1-5090-6146-4,NA,NA,conf/ewsdn/2016,NA,NA,NA,NA,IEEE Computer Society,NA,NA,NA,NA,NA,NA,NA,"Fifth European Workshop on Software-Defined Networks, EWSDN 2016, Den Haag, The Netherlands, October 10-11, 2016",db/conf/ewsdn/ewsdn2016.html,NA,2016
8800869,NA,NA,IPEC,NA,NA,Christophe Paul|Michal Pilipczuk,NA,http://www.dagstuhl.de/dagpub/978-3-95977-084-2,oa,NA,978-3-95977-084-2,NA,NA,conf/iwpec/2018,NA,NA,NA,NA,Schloss Dagstuhl - Leibniz-Zentrum für Informatik,NA,NA,NA,LIPIcs,db/series/lipics/index.html,NA,NA,"13th International Symposium on Parameterized and Exact Computation, IPEC 2018, August 20-24, 2018, Helsinki, Finland",db/conf/iwpec/ipec2018.html,115,2019
8821915,NA,NA,AFHA,NA,NA,Bryan Found|C. Elisa van den Heuvel|Charles E. H. Berger|Marcus Liwicki|Michael Blumenstein|Reinoud Stoel,NA,http://ceur-ws.org/Vol-768|https://nbn-resolving.org/urn:nbn:de:0074-768-1,oa,NA,NA,NA,NA,conf/icdar/2011afha,NA,NA,NA,NA,CEUR-WS.org,NA,NA,NA,CEUR Workshop Proceedings,db/series/ceurws/index.html,NA,NA,"Proceedings of the 1st International Workshop on Automated Forensic Handwriting Analysis: A Satellite Workshop of ICDAR-2011, Beijing, China, September 17-18, 2011",db/conf/icdar/afha2011.html,768,2011
8828726,NA,NA,CHItaly,NA,NA,Alessandra Melonio|Antonella De Angeli|Cristina Gena|Luca Chittaro|Lucio Davide Spano|Luigi De Russis|Maria De Marsico|Rosella Gennari,0000-0001-7647-6652,https://doi.org/10.1145/3464385,NA,NA,978-1-4503-8977-8,NA,NA,conf/chitaly/2021,NA,NA,NA,NA,ACM,NA,NA,NA,NA,NA,NA,NA,"Proceedings of the 14th Biannual Conference of the Italian SIGCHI Chapter, CHItaly '21, Bozen-Bolzano, Italy, and online (www), July 11-13, 2021.",db/conf/chitaly/chitaly2021.html,NA,2021
8839136,NA,NA,ICEIS (Selected Papers),NA,NA,Joaquim Filipe|José Cordeiro|Panos Constantopoulos|Yannis Manolopoulos,NA,NA,NA,NA,978-3-540-77580-5,NA,NA,conf/iceis/2006sp,NA,NA,NA,NA,Springer,NA,NA,NA,Lecture Notes in Business Information Processing,db/series/lnbip/index.html,NA,NA,"Enterprise Information Systems, 8th International Conference, ICEIS 2006, Paphos, Cyprus, May 23-27, 2006, Revised Selected Papers",db/conf/iceis/iceis2006sp.html,3,2008
8853754,NA,NA,CIS/RAM,NA,NA,NA,NA,https://ieeexplore.ieee.org/xpl/conhome/9094049/proceeding,NA,NA,978-1-7281-3458-1,NA,NA,conf/ram/2019,NA,NA,NA,NA,IEEE,NA,NA,NA,NA,NA,NA,NA,"2019 IEEE International Conference on Cybernetics and Intelligent Systems (CIS) and IEEE Conference on Robotics, Automation and Mechatronics (RAM), Bangkok, Thailand, November 18-20, 2019",db/conf/ram/cis-ram2019.html,NA,2019
